HnMRestAPI-1.1.1.jar,Active,https://ts.accenture.com/:u:/r/sites/P2P_Procurement_DMR/P2P-PDMR/Ops%20Test%20Team%20Repository/06%20Automation/08%20-%20H+M%20Approved%20Automations/HnMRestAPI/HnMRestAPI-1.1.1.jar?csf=1&download=1&e=PdhlkX,Not Applicable,Not Applicable
HnMRestAPI-1.1.0.jar,Active,https://ts.accenture.com/:u:/r/sites/P2P_Procurement_DMR/P2P-PDMR/Ops%20Test%20Team%20Repository/06%20Automation/08%20-%20H+M%20Approved%20Automations/HnMRestAPI/HnMRestAPI-1.1.0.jar?csf=1&download=1&e=TFpxdW,Not Applicable,Not Applicable
HnMRestAPI-1.0.10-jar-with-dependencies.jar,Authentication Expired,https://ts.accenture.com/:u:/r/sites/P2P_Procurement_DMR/P2P-PDMR/Ops%20Test%20Team%20Repository/06%20Automation/08%20-%20H+M%20Approved%20Automations/HnMRestAPI/HnMRestAPI-1.0.10-jar-with-dependencies.jar?csf=1&download=1&e=dlPRKh,11/20/2024,10/01/2024
HnMRestAPI-1.0.9-jar-with-dependencies.jar,Authentication Expired,https://ts.accenture.com/:u:/r/sites/P2P_Procurement_DMR/P2P-PDMR/Ops%20Test%20Team%20Repository/06%20Automation/08%20-%20H+M%20Approved%20Automations/HnMRestAPI/HnMRestAPI-1.0.9-jar-with-dependencies.jar?csf=1&download=1&e=aSFFv7,9/18/2024,10/01/2024
HnMRestAPI-1.0.8-jar-with-dependencies.jar,Authentication Expired,https://ts.accenture.com/:u:/r/sites/P2P_Procurement_DMR/P2P-PDMR/Ops%20Test%20Team%20Repository/06%20Automation/08%20-%20H+M%20Approved%20Automations/HnMRestAPI/HnMRestAPI-1.0.8-jar-with-dependencies.jar?csf=1&download=1&e=hHIDf9,9/18/2024,8/28/2024
HnMRestAPI-1.0.7-jar-with-dependencies.jar,Authentication Expired,https://ts.accenture.com/:u:/r/sites/P2P_Procurement_DMR/P2P-PDMR/Ops%20Test%20Team%20Repository/06%20Automation/08%20-%20H+M%20Approved%20Automations/HnMRestAPI/HnMRestAPI-1.0.7-jar-with-dependencies.jar?csf=1&download=1&e=ge7V3i,9/04/2024,8/28/2024